{
  "best_model": "Logistic Regression",
  "best_accuracy": 0.695,
  "best_f1": 0.693153560843324,
  "feature_importance": {},
  "all_models": {
    "Random Forest": {
      "accuracy": 0.685,
      "f1": 0.6801685980236103,
      "cv_mean": 0.635,
      "confusion_matrix": [
        [
          0,
          1,
          0,
          0
        ],
        [
          0,
          26,
          12,
          3
        ],
        [
          0,
          9,
          48,
          23
        ],
        [
          0,
          2,
          13,
          63
        ]
      ]
    },
    "Gradient Boosting": {
      "accuracy": 0.69,
      "f1": 0.6861181434599156,
      "cv_mean": 0.6224999999999999,
      "confusion_matrix": [
        [
          0,
          1,
          0,
          0
        ],
        [
          0,
          24,
          15,
          2
        ],
        [
          0,
          10,
          51,
          19
        ],
        [
          0,
          3,
          12,
          63
        ]
      ]
    },
    "SVM": {
      "accuracy": 0.66,
      "f1": 0.6565716999050332,
      "cv_mean": 0.61625,
      "confusion_matrix": [
        [
          0,
          0,
          1,
          0
        ],
        [
          0,
          28,
          12,
          1
        ],
        [
          0,
          11,
          45,
          24
        ],
        [
          0,
          1,
          18,
          59
        ]
      ]
    },
    "Logistic Regression": {
      "accuracy": 0.695,
      "f1": 0.693153560843324,
      "cv_mean": 0.6575,
      "confusion_matrix": [
        [
          0,
          1,
          0,
          0
        ],
        [
          3,
          25,
          11,
          2
        ],
        [
          0,
          15,
          46,
          19
        ],
        [
          0,
          1,
          9,
          68
        ]
      ]
    }
  }
}